Switch 2,Switch 1
<SwitchTrace  swid=2 qdepth=0 qtdelta=27 |>, <SwitchTrace  swid=1 qdepth=0 qtdelta=79 |>] |>
<SwitchTrace  swid=2 qdepth=0 qtdelta=28 |>, <SwitchTrace  swid=1 qdepth=0 qtdelta=34 |>] |>
<SwitchTrace  swid=2 qdepth=0 qtdelta=28 |>, <SwitchTrace  swid=1 qdepth=0 qtdelta=32 |>] |>
<SwitchTrace  swid=2 qdepth=0 qtdelta=26 |>, <SwitchTrace  swid=1 qdepth=0 qtdelta=27 |>] |>
<SwitchTrace  swid=2 qdepth=0 qtdelta=34 |>, <SwitchTrace  swid=1 qdepth=0 qtdelta=32 |>] |>
<SwitchTrace  swid=2 qdepth=0 qtdelta=26 |>, <SwitchTrace  swid=1 qdepth=0 qtdelta=28 |>] |>
<SwitchTrace  swid=2 qdepth=0 qtdelta=33 |>, <SwitchTrace  swid=1 qdepth=0 qtdelta=34 |>] |>
<SwitchTrace  swid=2 qdepth=0 qtdelta=32 |>, <SwitchTrace  swid=1 qdepth=0 qtdelta=29 |>] |>
<SwitchTrace  swid=2 qdepth=0 qtdelta=33 |>, <SwitchTrace  swid=1 qdepth=0 qtdelta=33 |>] |>
<SwitchTrace  swid=2 qdepth=0 qtdelta=28 |>, <SwitchTrace  swid=1 qdepth=0 qtdelta=30 |>] |>
<SwitchTrace  swid=2 qdepth=0 qtdelta=27 |>, <SwitchTrace  swid=1 qdepth=0 qtdelta=40 |>] |>
<SwitchTrace  swid=2 qdepth=0 qtdelta=27 |>, <SwitchTrace  swid=1 qdepth=0 qtdelta=34 |>] |>
<SwitchTrace  swid=2 qdepth=0 qtdelta=32 |>, <SwitchTrace  swid=1 qdepth=0 qtdelta=34 |>] |>
<SwitchTrace  swid=2 qdepth=0 qtdelta=33 |>, <SwitchTrace  swid=1 qdepth=0 qtdelta=59 |>] |>
<SwitchTrace  swid=2 qdepth=0 qtdelta=26 |>, <SwitchTrace  swid=1 qdepth=0 qtdelta=41 |>] |>
<SwitchTrace  swid=2 qdepth=0 qtdelta=33 |>, <SwitchTrace  swid=1 qdepth=0 qtdelta=78 |>] |>
<SwitchTrace  swid=2 qdepth=0 qtdelta=29 |>, <SwitchTrace  swid=1 qdepth=0 qtdelta=31 |>] |>
<SwitchTrace  swid=2 qdepth=0 qtdelta=32 |>, <SwitchTrace  swid=1 qdepth=0 qtdelta=36 |>] |>
<SwitchTrace  swid=2 qdepth=0 qtdelta=27 |>, <SwitchTrace  swid=1 qdepth=0 qtdelta=32 |>] |>
<SwitchTrace  swid=2 qdepth=0 qtdelta=27 |>, <SwitchTrace  swid=1 qdepth=0 qtdelta=89 |>] |>
<SwitchTrace  swid=2 qdepth=0 qtdelta=25 |>, <SwitchTrace  swid=1 qdepth=0 qtdelta=37 |>] |>
<SwitchTrace  swid=2 qdepth=0 qtdelta=32 |>, <SwitchTrace  swid=1 qdepth=0 qtdelta=31 |>] |>
<SwitchTrace  swid=2 qdepth=0 qtdelta=34 |>, <SwitchTrace  swid=1 qdepth=0 qtdelta=29 |>] |>
<SwitchTrace  swid=2 qdepth=0 qtdelta=36 |>, <SwitchTrace  swid=1 qdepth=0 qtdelta=38 |>] |>
<SwitchTrace  swid=2 qdepth=0 qtdelta=34 |>, <SwitchTrace  swid=1 qdepth=0 qtdelta=34 |>] |>
<SwitchTrace  swid=2 qdepth=0 qtdelta=33 |>, <SwitchTrace  swid=1 qdepth=0 qtdelta=34 |>] |>
<SwitchTrace  swid=2 qdepth=0 qtdelta=28 |>, <SwitchTrace  swid=1 qdepth=0 qtdelta=31 |>] |>
<SwitchTrace  swid=2 qdepth=0 qtdelta=33 |>, <SwitchTrace  swid=1 qdepth=0 qtdelta=32 |>] |>
<SwitchTrace  swid=2 qdepth=0 qtdelta=28 |>, <SwitchTrace  swid=1 qdepth=0 qtdelta=32 |>] |>
<SwitchTrace  swid=2 qdepth=0 qtdelta=27 |>, <SwitchTrace  swid=1 qdepth=0 qtdelta=35 |>] |>
<SwitchTrace  swid=2 qdepth=0 qtdelta=19 |>, <SwitchTrace  swid=1 qdepth=0 qtdelta=23 |>] |>
<SwitchTrace  swid=2 qdepth=0 qtdelta=25 |>, <SwitchTrace  swid=1 qdepth=0 qtdelta=24 |>] |>
<SwitchTrace  swid=2 qdepth=0 qtdelta=53 |>, <SwitchTrace  swid=1 qdepth=0 qtdelta=34 |>] |>
<SwitchTrace  swid=2 qdepth=0 qtdelta=34 |>, <SwitchTrace  swid=1 qdepth=0 qtdelta=31 |>] |>
<SwitchTrace  swid=2 qdepth=0 qtdelta=32 |>, <SwitchTrace  swid=1 qdepth=0 qtdelta=19 |>] |>
<SwitchTrace  swid=2 qdepth=0 qtdelta=27 |>, <SwitchTrace  swid=1 qdepth=0 qtdelta=18 |>] |>
<SwitchTrace  swid=2 qdepth=0 qtdelta=26 |>, <SwitchTrace  swid=1 qdepth=0 qtdelta=33 |>] |>
<SwitchTrace  swid=2 qdepth=0 qtdelta=29 |>, <SwitchTrace  swid=1 qdepth=0 qtdelta=31 |>] |>
<SwitchTrace  swid=2 qdepth=0 qtdelta=22 |>, <SwitchTrace  swid=1 qdepth=0 qtdelta=26 |>] |>
<SwitchTrace  swid=2 qdepth=0 qtdelta=27 |>, <SwitchTrace  swid=1 qdepth=0 qtdelta=30 |>] |>
<SwitchTrace  swid=2 qdepth=0 qtdelta=20 |>, <SwitchTrace  swid=1 qdepth=0 qtdelta=34 |>] |>
<SwitchTrace  swid=2 qdepth=0 qtdelta=26 |>, <SwitchTrace  swid=1 qdepth=0 qtdelta=28 |>] |>
<SwitchTrace  swid=2 qdepth=0 qtdelta=23 |>, <SwitchTrace  swid=1 qdepth=0 qtdelta=37 |>] |>
<SwitchTrace  swid=2 qdepth=0 qtdelta=63 |>, <SwitchTrace  swid=1 qdepth=0 qtdelta=38 |>] |>
<SwitchTrace  swid=2 qdepth=0 qtdelta=23 |>, <SwitchTrace  swid=1 qdepth=0 qtdelta=86 |>] |>
<SwitchTrace  swid=2 qdepth=0 qtdelta=32 |>, <SwitchTrace  swid=1 qdepth=0 qtdelta=31 |>] |>
<SwitchTrace  swid=2 qdepth=0 qtdelta=49 |>, <SwitchTrace  swid=1 qdepth=0 qtdelta=37 |>] |>
<SwitchTrace  swid=2 qdepth=0 qtdelta=26 |>, <SwitchTrace  swid=1 qdepth=0 qtdelta=34 |>] |>
<SwitchTrace  swid=2 qdepth=0 qtdelta=26 |>, <SwitchTrace  swid=1 qdepth=0 qtdelta=78 |>] |>
<SwitchTrace  swid=2 qdepth=0 qtdelta=27 |>, <SwitchTrace  swid=1 qdepth=0 qtdelta=35 |>] |>
<SwitchTrace  swid=2 qdepth=0 qtdelta=26 |>, <SwitchTrace  swid=1 qdepth=0 qtdelta=36 |>] |>
<SwitchTrace  swid=2 qdepth=0 qtdelta=31 |>, <SwitchTrace  swid=1 qdepth=0 qtdelta=91 |>] |>
<SwitchTrace  swid=2 qdepth=0 qtdelta=39 |>, <SwitchTrace  swid=1 qdepth=0 qtdelta=39 |>] |>
<SwitchTrace  swid=2 qdepth=0 qtdelta=220 |>, <SwitchTrace  swid=1 qdepth=0 qtdelta=63 |>] |>
<SwitchTrace  swid=2 qdepth=0 qtdelta=28 |>, <SwitchTrace  swid=1 qdepth=0 qtdelta=33 |>] |>
<SwitchTrace  swid=2 qdepth=0 qtdelta=30 |>, <SwitchTrace  swid=1 qdepth=0 qtdelta=33 |>] |>
<SwitchTrace  swid=2 qdepth=0 qtdelta=30 |>, <SwitchTrace  swid=1 qdepth=0 qtdelta=32 |>] |>
<SwitchTrace  swid=2 qdepth=0 qtdelta=35 |>, <SwitchTrace  swid=1 qdepth=0 qtdelta=33 |>] |>
<SwitchTrace  swid=2 qdepth=0 qtdelta=33 |>, <SwitchTrace  swid=1 qdepth=0 qtdelta=37 |>] |>
<SwitchTrace  swid=2 qdepth=0 qtdelta=27 |>, <SwitchTrace  swid=1 qdepth=0 qtdelta=34 |>] |>
<SwitchTrace  swid=2 qdepth=0 qtdelta=29 |>, <SwitchTrace  swid=1 qdepth=0 qtdelta=30 |>] |>
<SwitchTrace  swid=2 qdepth=0 qtdelta=27 |>, <SwitchTrace  swid=1 qdepth=0 qtdelta=50 |>] |>
<SwitchTrace  swid=2 qdepth=0 qtdelta=28 |>, <SwitchTrace  swid=1 qdepth=0 qtdelta=28 |>] |>
<SwitchTrace  swid=2 qdepth=0 qtdelta=34 |>, <SwitchTrace  swid=1 qdepth=0 qtdelta=32 |>] |>
<SwitchTrace  swid=2 qdepth=0 qtdelta=35 |>, <SwitchTrace  swid=1 qdepth=0 qtdelta=24 |>] |>
<SwitchTrace  swid=2 qdepth=0 qtdelta=29 |>, <SwitchTrace  swid=1 qdepth=0 qtdelta=34 |>] |>
<SwitchTrace  swid=2 qdepth=0 qtdelta=59 |>, <SwitchTrace  swid=1 qdepth=0 qtdelta=25 |>] |>
<SwitchTrace  swid=2 qdepth=0 qtdelta=59 |>, <SwitchTrace  swid=1 qdepth=0 qtdelta=28 |>] |>
<SwitchTrace  swid=2 qdepth=0 qtdelta=41 |>, <SwitchTrace  swid=1 qdepth=0 qtdelta=22 |>] |>
<SwitchTrace  swid=2 qdepth=0 qtdelta=70 |>, <SwitchTrace  swid=1 qdepth=0 qtdelta=32 |>] |>
<SwitchTrace  swid=2 qdepth=0 qtdelta=27 |>, <SwitchTrace  swid=1 qdepth=0 qtdelta=24 |>] |>
<SwitchTrace  swid=2 qdepth=0 qtdelta=33 |>, <SwitchTrace  swid=1 qdepth=0 qtdelta=33 |>] |>
<SwitchTrace  swid=2 qdepth=0 qtdelta=29 |>, <SwitchTrace  swid=1 qdepth=0 qtdelta=28 |>] |>
<SwitchTrace  swid=2 qdepth=0 qtdelta=26 |>, <SwitchTrace  swid=1 qdepth=0 qtdelta=35 |>] |>
<SwitchTrace  swid=2 qdepth=0 qtdelta=44 |>, <SwitchTrace  swid=1 qdepth=0 qtdelta=27 |>] |>
<SwitchTrace  swid=2 qdepth=0 qtdelta=33 |>, <SwitchTrace  swid=1 qdepth=0 qtdelta=40 |>] |>
<SwitchTrace  swid=2 qdepth=0 qtdelta=47 |>, <SwitchTrace  swid=1 qdepth=0 qtdelta=102 |>] |>
<SwitchTrace  swid=2 qdepth=0 qtdelta=25 |>, <SwitchTrace  swid=1 qdepth=0 qtdelta=33 |>] |>
<SwitchTrace  swid=2 qdepth=0 qtdelta=31 |>, <SwitchTrace  swid=1 qdepth=0 qtdelta=30 |>] |>
<SwitchTrace  swid=2 qdepth=0 qtdelta=27 |>, <SwitchTrace  swid=1 qdepth=0 qtdelta=33 |>] |>
<SwitchTrace  swid=2 qdepth=0 qtdelta=27 |>, <SwitchTrace  swid=1 qdepth=0 qtdelta=36 |>] |>
<SwitchTrace  swid=2 qdepth=0 qtdelta=27 |>, <SwitchTrace  swid=1 qdepth=0 qtdelta=30 |>] |>
<SwitchTrace  swid=2 qdepth=0 qtdelta=27 |>, <SwitchTrace  swid=1 qdepth=0 qtdelta=38 |>] |>
<SwitchTrace  swid=2 qdepth=0 qtdelta=27 |>, <SwitchTrace  swid=1 qdepth=0 qtdelta=40 |>] |>
<SwitchTrace  swid=2 qdepth=0 qtdelta=33 |>, <SwitchTrace  swid=1 qdepth=0 qtdelta=32 |>] |>
<SwitchTrace  swid=2 qdepth=0 qtdelta=27 |>, <SwitchTrace  swid=1 qdepth=0 qtdelta=45 |>] |>
<SwitchTrace  swid=2 qdepth=0 qtdelta=33 |>, <SwitchTrace  swid=1 qdepth=0 qtdelta=30 |>] |>
<SwitchTrace  swid=2 qdepth=0 qtdelta=33 |>, <SwitchTrace  swid=1 qdepth=0 qtdelta=36 |>] |>
<SwitchTrace  swid=2 qdepth=0 qtdelta=33 |>, <SwitchTrace  swid=1 qdepth=0 qtdelta=41 |>] |>
<SwitchTrace  swid=2 qdepth=0 qtdelta=27 |>, <SwitchTrace  swid=1 qdepth=0 qtdelta=33 |>] |>
<SwitchTrace  swid=2 qdepth=0 qtdelta=31 |>, <SwitchTrace  swid=1 qdepth=0 qtdelta=42 |>] |>
<SwitchTrace  swid=2 qdepth=0 qtdelta=34 |>, <SwitchTrace  swid=1 qdepth=0 qtdelta=43 |>] |>
<SwitchTrace  swid=2 qdepth=0 qtdelta=34 |>, <SwitchTrace  swid=1 qdepth=0 qtdelta=33 |>] |>
<SwitchTrace  swid=2 qdepth=0 qtdelta=27 |>, <SwitchTrace  swid=1 qdepth=0 qtdelta=38 |>] |>
<SwitchTrace  swid=2 qdepth=0 qtdelta=28 |>, <SwitchTrace  swid=1 qdepth=0 qtdelta=39 |>] |>
<SwitchTrace  swid=2 qdepth=0 qtdelta=28 |>, <SwitchTrace  swid=1 qdepth=0 qtdelta=32 |>] |>
<SwitchTrace  swid=2 qdepth=0 qtdelta=40 |>, <SwitchTrace  swid=1 qdepth=0 qtdelta=29 |>] |>
<SwitchTrace  swid=2 qdepth=0 qtdelta=42 |>, <SwitchTrace  swid=1 qdepth=0 qtdelta=20 |>] |>
<SwitchTrace  swid=2 qdepth=0 qtdelta=33 |>, <SwitchTrace  swid=1 qdepth=0 qtdelta=26 |>] |>
<SwitchTrace  swid=2 qdepth=0 qtdelta=34 |>, <SwitchTrace  swid=1 qdepth=0 qtdelta=24 |>] |>
<SwitchTrace  swid=2 qdepth=0 qtdelta=27 |>, <SwitchTrace  swid=1 qdepth=0 qtdelta=26 |>] |>
<SwitchTrace  swid=2 qdepth=0 qtdelta=33 |>, <SwitchTrace  swid=1 qdepth=0 qtdelta=34 |>] |>
<SwitchTrace  swid=2 qdepth=0 qtdelta=54 |>, <SwitchTrace  swid=1 qdepth=0 qtdelta=27 |>] |>
<SwitchTrace  swid=2 qdepth=0 qtdelta=29 |>, <SwitchTrace  swid=1 qdepth=0 qtdelta=29 |>] |>
<SwitchTrace  swid=2 qdepth=0 qtdelta=26 |>, <SwitchTrace  swid=1 qdepth=0 qtdelta=22 |>] |>
<SwitchTrace  swid=2 qdepth=0 qtdelta=28 |>, <SwitchTrace  swid=1 qdepth=0 qtdelta=20 |>] |>
<SwitchTrace  swid=2 qdepth=0 qtdelta=49 |>, <SwitchTrace  swid=1 qdepth=0 qtdelta=35 |>] |>
<SwitchTrace  swid=2 qdepth=0 qtdelta=22 |>, <SwitchTrace  swid=1 qdepth=0 qtdelta=31 |>] |>
<SwitchTrace  swid=2 qdepth=0 qtdelta=25 |>, <SwitchTrace  swid=1 qdepth=0 qtdelta=35 |>] |>
<SwitchTrace  swid=2 qdepth=0 qtdelta=42 |>, <SwitchTrace  swid=1 qdepth=0 qtdelta=27 |>] |>
<SwitchTrace  swid=2 qdepth=0 qtdelta=34 |>, <SwitchTrace  swid=1 qdepth=0 qtdelta=21 |>] |>
<SwitchTrace  swid=2 qdepth=0 qtdelta=32 |>, <SwitchTrace  swid=1 qdepth=0 qtdelta=29 |>] |>
<SwitchTrace  swid=2 qdepth=0 qtdelta=43 |>, <SwitchTrace  swid=1 qdepth=0 qtdelta=96 |>] |>
<SwitchTrace  swid=2 qdepth=0 qtdelta=55 |>, <SwitchTrace  swid=1 qdepth=0 qtdelta=70 |>] |>
<SwitchTrace  swid=2 qdepth=0 qtdelta=31 |>, <SwitchTrace  swid=1 qdepth=0 qtdelta=43 |>] |>
<SwitchTrace  swid=2 qdepth=0 qtdelta=26 |>, <SwitchTrace  swid=1 qdepth=0 qtdelta=29 |>] |>
<SwitchTrace  swid=2 qdepth=0 qtdelta=32 |>, <SwitchTrace  swid=1 qdepth=0 qtdelta=39 |>] |>
<SwitchTrace  swid=2 qdepth=0 qtdelta=27 |>, <SwitchTrace  swid=1 qdepth=0 qtdelta=41 |>] |>
<SwitchTrace  swid=2 qdepth=0 qtdelta=28 |>, <SwitchTrace  swid=1 qdepth=0 qtdelta=43 |>] |>
<SwitchTrace  swid=2 qdepth=0 qtdelta=29 |>, <SwitchTrace  swid=1 qdepth=0 qtdelta=32 |>] |>
<SwitchTrace  swid=2 qdepth=0 qtdelta=34 |>, <SwitchTrace  swid=1 qdepth=0 qtdelta=53 |>] |>
<SwitchTrace  swid=2 qdepth=0 qtdelta=29 |>, <SwitchTrace  swid=1 qdepth=0 qtdelta=33 |>] |>
<SwitchTrace  swid=2 qdepth=0 qtdelta=35 |>, <SwitchTrace  swid=1 qdepth=0 qtdelta=37 |>] |>
<SwitchTrace  swid=2 qdepth=0 qtdelta=28 |>, <SwitchTrace  swid=1 qdepth=0 qtdelta=33 |>] |>
<SwitchTrace  swid=2 qdepth=0 qtdelta=25 |>, <SwitchTrace  swid=1 qdepth=0 qtdelta=32 |>] |>
<SwitchTrace  swid=2 qdepth=0 qtdelta=156 |>, <SwitchTrace  swid=1 qdepth=0 qtdelta=37 |>] |>
<SwitchTrace  swid=2 qdepth=0 qtdelta=29 |>, <SwitchTrace  swid=1 qdepth=0 qtdelta=31 |>] |>
<SwitchTrace  swid=2 qdepth=0 qtdelta=27 |>, <SwitchTrace  swid=1 qdepth=0 qtdelta=38 |>] |>
<SwitchTrace  swid=2 qdepth=0 qtdelta=28 |>, <SwitchTrace  swid=1 qdepth=0 qtdelta=36 |>] |>
<SwitchTrace  swid=2 qdepth=0 qtdelta=26 |>, <SwitchTrace  swid=1 qdepth=0 qtdelta=34 |>] |>
<SwitchTrace  swid=2 qdepth=0 qtdelta=33 |>, <SwitchTrace  swid=1 qdepth=0 qtdelta=36 |>] |>
<SwitchTrace  swid=2 qdepth=0 qtdelta=33 |>, <SwitchTrace  swid=1 qdepth=0 qtdelta=39 |>] |>
<SwitchTrace  swid=2 qdepth=0 qtdelta=31 |>, <SwitchTrace  swid=1 qdepth=0 qtdelta=36 |>] |>
<SwitchTrace  swid=2 qdepth=0 qtdelta=27 |>, <SwitchTrace  swid=1 qdepth=0 qtdelta=31 |>] |>
<SwitchTrace  swid=2 qdepth=0 qtdelta=27 |>, <SwitchTrace  swid=1 qdepth=0 qtdelta=33 |>] |>
<SwitchTrace  swid=2 qdepth=0 qtdelta=26 |>, <SwitchTrace  swid=1 qdepth=0 qtdelta=63 |>] |>
<SwitchTrace  swid=2 qdepth=0 qtdelta=29 |>, <SwitchTrace  swid=1 qdepth=0 qtdelta=32 |>] |>
<SwitchTrace  swid=2 qdepth=0 qtdelta=31 |>, <SwitchTrace  swid=1 qdepth=0 qtdelta=27 |>] |>
<SwitchTrace  swid=2 qdepth=0 qtdelta=31 |>, <SwitchTrace  swid=1 qdepth=0 qtdelta=24 |>] |>
<SwitchTrace  swid=2 qdepth=0 qtdelta=35 |>, <SwitchTrace  swid=1 qdepth=0 qtdelta=26 |>] |>
<SwitchTrace  swid=2 qdepth=0 qtdelta=28 |>, <SwitchTrace  swid=1 qdepth=0 qtdelta=25 |>] |>
<SwitchTrace  swid=2 qdepth=0 qtdelta=32 |>, <SwitchTrace  swid=1 qdepth=0 qtdelta=29 |>] |>
<SwitchTrace  swid=2 qdepth=0 qtdelta=29 |>, <SwitchTrace  swid=1 qdepth=0 qtdelta=27 |>] |>
<SwitchTrace  swid=2 qdepth=0 qtdelta=29 |>, <SwitchTrace  swid=1 qdepth=0 qtdelta=23 |>] |>
<SwitchTrace  swid=2 qdepth=0 qtdelta=38 |>, <SwitchTrace  swid=1 qdepth=0 qtdelta=28 |>] |>
<SwitchTrace  swid=2 qdepth=0 qtdelta=31 |>, <SwitchTrace  swid=1 qdepth=0 qtdelta=28 |>] |>
<SwitchTrace  swid=2 qdepth=0 qtdelta=38 |>, <SwitchTrace  swid=1 qdepth=0 qtdelta=66 |>] |>
<SwitchTrace  swid=2 qdepth=0 qtdelta=28 |>, <SwitchTrace  swid=1 qdepth=0 qtdelta=26 |>] |>
<SwitchTrace  swid=2 qdepth=0 qtdelta=33 |>, <SwitchTrace  swid=1 qdepth=0 qtdelta=19 |>] |>
<SwitchTrace  swid=2 qdepth=0 qtdelta=78 |>, <SwitchTrace  swid=1 qdepth=0 qtdelta=23 |>] |>
<SwitchTrace  swid=2 qdepth=0 qtdelta=66 |>, <SwitchTrace  swid=1 qdepth=0 qtdelta=19 |>] |>
<SwitchTrace  swid=2 qdepth=0 qtdelta=64 |>, <SwitchTrace  swid=1 qdepth=0 qtdelta=30 |>] |>
<SwitchTrace  swid=2 qdepth=0 qtdelta=29 |>, <SwitchTrace  swid=1 qdepth=0 qtdelta=27 |>] |>
<SwitchTrace  swid=2 qdepth=0 qtdelta=32 |>, <SwitchTrace  swid=1 qdepth=0 qtdelta=32 |>] |>
<SwitchTrace  swid=2 qdepth=0 qtdelta=34 |>, <SwitchTrace  swid=1 qdepth=0 qtdelta=33 |>] |>
<SwitchTrace  swid=2 qdepth=0 qtdelta=33 |>, <SwitchTrace  swid=1 qdepth=0 qtdelta=39 |>] |>
<SwitchTrace  swid=2 qdepth=0 qtdelta=32 |>, <SwitchTrace  swid=1 qdepth=0 qtdelta=32 |>] |>
<SwitchTrace  swid=2 qdepth=0 qtdelta=33 |>, <SwitchTrace  swid=1 qdepth=0 qtdelta=37 |>] |>
<SwitchTrace  swid=2 qdepth=0 qtdelta=28 |>, <SwitchTrace  swid=1 qdepth=0 qtdelta=33 |>] |>
<SwitchTrace  swid=2 qdepth=0 qtdelta=32 |>, <SwitchTrace  swid=1 qdepth=0 qtdelta=40 |>] |>
<SwitchTrace  swid=2 qdepth=0 qtdelta=42 |>, <SwitchTrace  swid=1 qdepth=0 qtdelta=53 |>] |>
<SwitchTrace  swid=2 qdepth=0 qtdelta=28 |>, <SwitchTrace  swid=1 qdepth=0 qtdelta=38 |>] |>
<SwitchTrace  swid=2 qdepth=0 qtdelta=38 |>, <SwitchTrace  swid=1 qdepth=0 qtdelta=41 |>] |>
<SwitchTrace  swid=2 qdepth=0 qtdelta=30 |>, <SwitchTrace  swid=1 qdepth=0 qtdelta=36 |>] |>
<SwitchTrace  swid=2 qdepth=0 qtdelta=29 |>, <SwitchTrace  swid=1 qdepth=0 qtdelta=31 |>] |>
<SwitchTrace  swid=2 qdepth=0 qtdelta=27 |>, <SwitchTrace  swid=1 qdepth=0 qtdelta=34 |>] |>
<SwitchTrace  swid=2 qdepth=0 qtdelta=39 |>, <SwitchTrace  swid=1 qdepth=0 qtdelta=36 |>] |>
<SwitchTrace  swid=2 qdepth=0 qtdelta=26 |>, <SwitchTrace  swid=1 qdepth=0 qtdelta=58 |>] |>
<SwitchTrace  swid=2 qdepth=0 qtdelta=31 |>, <SwitchTrace  swid=1 qdepth=0 qtdelta=36 |>] |>
<SwitchTrace  swid=2 qdepth=0 qtdelta=38 |>, <SwitchTrace  swid=1 qdepth=0 qtdelta=40 |>] |>
<SwitchTrace  swid=2 qdepth=0 qtdelta=35 |>, <SwitchTrace  swid=1 qdepth=0 qtdelta=30 |>] |>
<SwitchTrace  swid=2 qdepth=0 qtdelta=27 |>, <SwitchTrace  swid=1 qdepth=0 qtdelta=30 |>] |>
<SwitchTrace  swid=2 qdepth=0 qtdelta=31 |>, <SwitchTrace  swid=1 qdepth=0 qtdelta=31 |>] |>
<SwitchTrace  swid=2 qdepth=0 qtdelta=28 |>, <SwitchTrace  swid=1 qdepth=0 qtdelta=33 |>] |>
<SwitchTrace  swid=2 qdepth=0 qtdelta=27 |>, <SwitchTrace  swid=1 qdepth=0 qtdelta=44 |>] |>
<SwitchTrace  swid=2 qdepth=0 qtdelta=38 |>, <SwitchTrace  swid=1 qdepth=0 qtdelta=35 |>] |>
<SwitchTrace  swid=2 qdepth=0 qtdelta=27 |>, <SwitchTrace  swid=1 qdepth=0 qtdelta=34 |>] |>
<SwitchTrace  swid=2 qdepth=0 qtdelta=39 |>, <SwitchTrace  swid=1 qdepth=0 qtdelta=34 |>] |>
<SwitchTrace  swid=2 qdepth=0 qtdelta=32 |>, <SwitchTrace  swid=1 qdepth=0 qtdelta=36 |>] |>
<SwitchTrace  swid=2 qdepth=0 qtdelta=42 |>, <SwitchTrace  swid=1 qdepth=0 qtdelta=33 |>] |>
<SwitchTrace  swid=2 qdepth=0 qtdelta=33 |>, <SwitchTrace  swid=1 qdepth=0 qtdelta=38 |>] |>
<SwitchTrace  swid=2 qdepth=0 qtdelta=53 |>, <SwitchTrace  swid=1 qdepth=0 qtdelta=35 |>] |>
<SwitchTrace  swid=2 qdepth=0 qtdelta=26 |>, <SwitchTrace  swid=1 qdepth=0 qtdelta=29 |>] |>
<SwitchTrace  swid=2 qdepth=0 qtdelta=33 |>, <SwitchTrace  swid=1 qdepth=0 qtdelta=38 |>] |>
<SwitchTrace  swid=2 qdepth=0 qtdelta=28 |>, <SwitchTrace  swid=1 qdepth=0 qtdelta=35 |>] |>
<SwitchTrace  swid=2 qdepth=0 qtdelta=35 |>, <SwitchTrace  swid=1 qdepth=0 qtdelta=35 |>] |>
<SwitchTrace  swid=2 qdepth=0 qtdelta=33 |>, <SwitchTrace  swid=1 qdepth=0 qtdelta=41 |>] |>
<SwitchTrace  swid=2 qdepth=0 qtdelta=29 |>, <SwitchTrace  swid=1 qdepth=0 qtdelta=34 |>] |>
<SwitchTrace  swid=2 qdepth=0 qtdelta=32 |>, <SwitchTrace  swid=1 qdepth=0 qtdelta=44 |>] |>
<SwitchTrace  swid=2 qdepth=0 qtdelta=35 |>, <SwitchTrace  swid=1 qdepth=0 qtdelta=38 |>] |>
<SwitchTrace  swid=2 qdepth=0 qtdelta=34 |>, <SwitchTrace  swid=1 qdepth=0 qtdelta=48 |>] |>
<SwitchTrace  swid=2 qdepth=0 qtdelta=26 |>, <SwitchTrace  swid=1 qdepth=0 qtdelta=36 |>] |>
<SwitchTrace  swid=2 qdepth=0 qtdelta=27 |>, <SwitchTrace  swid=1 qdepth=0 qtdelta=43 |>] |>
<SwitchTrace  swid=2 qdepth=0 qtdelta=56 |>, <SwitchTrace  swid=1 qdepth=0 qtdelta=39 |>] |>
<SwitchTrace  swid=2 qdepth=0 qtdelta=26 |>, <SwitchTrace  swid=1 qdepth=0 qtdelta=43 |>] |>
<SwitchTrace  swid=2 qdepth=0 qtdelta=34 |>, <SwitchTrace  swid=1 qdepth=0 qtdelta=31 |>] |>
<SwitchTrace  swid=2 qdepth=0 qtdelta=27 |>, <SwitchTrace  swid=1 qdepth=0 qtdelta=58 |>] |>
<SwitchTrace  swid=2 qdepth=0 qtdelta=28 |>, <SwitchTrace  swid=1 qdepth=0 qtdelta=110 |>] |>
<SwitchTrace  swid=2 qdepth=0 qtdelta=26 |>, <SwitchTrace  swid=1 qdepth=0 qtdelta=112 |>] |>
<SwitchTrace  swid=2 qdepth=0 qtdelta=122 |>, <SwitchTrace  swid=1 qdepth=0 qtdelta=39 |>] |>
<SwitchTrace  swid=2 qdepth=0 qtdelta=59 |>, <SwitchTrace  swid=1 qdepth=0 qtdelta=37 |>] |>
<SwitchTrace  swid=2 qdepth=0 qtdelta=31 |>, <SwitchTrace  swid=1 qdepth=0 qtdelta=43 |>] |>
<SwitchTrace  swid=2 qdepth=0 qtdelta=37 |>, <SwitchTrace  swid=1 qdepth=0 qtdelta=32 |>] |>
<SwitchTrace  swid=2 qdepth=0 qtdelta=33 |>, <SwitchTrace  swid=1 qdepth=0 qtdelta=38 |>] |>
<SwitchTrace  swid=2 qdepth=0 qtdelta=28 |>, <SwitchTrace  swid=1 qdepth=0 qtdelta=30 |>] |>
<SwitchTrace  swid=2 qdepth=0 qtdelta=37 |>, <SwitchTrace  swid=1 qdepth=0 qtdelta=33 |>] |>
<SwitchTrace  swid=2 qdepth=0 qtdelta=33 |>, <SwitchTrace  swid=1 qdepth=0 qtdelta=37 |>] |>
<SwitchTrace  swid=2 qdepth=0 qtdelta=31 |>, <SwitchTrace  swid=1 qdepth=0 qtdelta=38 |>] |>
<SwitchTrace  swid=2 qdepth=0 qtdelta=26 |>, <SwitchTrace  swid=1 qdepth=0 qtdelta=49 |>] |>
<SwitchTrace  swid=2 qdepth=0 qtdelta=31 |>, <SwitchTrace  swid=1 qdepth=0 qtdelta=43 |>] |>
<SwitchTrace  swid=2 qdepth=0 qtdelta=34 |>, <SwitchTrace  swid=1 qdepth=0 qtdelta=43 |>] |>
<SwitchTrace  swid=2 qdepth=0 qtdelta=28 |>, <SwitchTrace  swid=1 qdepth=0 qtdelta=34 |>] |>
<SwitchTrace  swid=2 qdepth=0 qtdelta=33 |>, <SwitchTrace  swid=1 qdepth=0 qtdelta=80 |>] |>
<SwitchTrace  swid=2 qdepth=0 qtdelta=32 |>, <SwitchTrace  swid=1 qdepth=0 qtdelta=34 |>] |>
<SwitchTrace  swid=2 qdepth=0 qtdelta=38 |>, <SwitchTrace  swid=1 qdepth=0 qtdelta=34 |>] |>
<SwitchTrace  swid=2 qdepth=0 qtdelta=33 |>, <SwitchTrace  swid=1 qdepth=0 qtdelta=33 |>] |>
<SwitchTrace  swid=2 qdepth=0 qtdelta=28 |>, <SwitchTrace  swid=1 qdepth=0 qtdelta=33 |>] |>
<SwitchTrace  swid=2 qdepth=0 qtdelta=33 |>, <SwitchTrace  swid=1 qdepth=0 qtdelta=41 |>] |>
<SwitchTrace  swid=2 qdepth=0 qtdelta=34 |>, <SwitchTrace  swid=1 qdepth=0 qtdelta=41 |>] |>
<SwitchTrace  swid=2 qdepth=0 qtdelta=27 |>, <SwitchTrace  swid=1 qdepth=0 qtdelta=33 |>] |>
<SwitchTrace  swid=2 qdepth=0 qtdelta=37 |>, <SwitchTrace  swid=1 qdepth=0 qtdelta=210 |>] |>
<SwitchTrace  swid=2 qdepth=0 qtdelta=28 |>, <SwitchTrace  swid=1 qdepth=0 qtdelta=34 |>] |>
<SwitchTrace  swid=2 qdepth=0 qtdelta=33 |>, <SwitchTrace  swid=1 qdepth=0 qtdelta=41 |>] |>
<SwitchTrace  swid=2 qdepth=0 qtdelta=33 |>, <SwitchTrace  swid=1 qdepth=0 qtdelta=30 |>] |>
<SwitchTrace  swid=2 qdepth=0 qtdelta=36 |>, <SwitchTrace  swid=1 qdepth=0 qtdelta=45 |>] |>
<SwitchTrace  swid=2 qdepth=0 qtdelta=29 |>, <SwitchTrace  swid=1 qdepth=0 qtdelta=35 |>] |>
<SwitchTrace  swid=2 qdepth=0 qtdelta=34 |>, <SwitchTrace  swid=1 qdepth=0 qtdelta=37 |>] |>
<SwitchTrace  swid=2 qdepth=0 qtdelta=26 |>, <SwitchTrace  swid=1 qdepth=0 qtdelta=36 |>] |>
<SwitchTrace  swid=2 qdepth=0 qtdelta=32 |>, <SwitchTrace  swid=1 qdepth=0 qtdelta=35 |>] |>
<SwitchTrace  swid=2 qdepth=0 qtdelta=28 |>, <SwitchTrace  swid=1 qdepth=0 qtdelta=35 |>] |>
<SwitchTrace  swid=2 qdepth=0 qtdelta=40 |>, <SwitchTrace  swid=1 qdepth=0 qtdelta=34 |>] |>
<SwitchTrace  swid=2 qdepth=0 qtdelta=31 |>, <SwitchTrace  swid=1 qdepth=0 qtdelta=37 |>] |>
<SwitchTrace  swid=2 qdepth=0 qtdelta=29 |>, <SwitchTrace  swid=1 qdepth=0 qtdelta=48 |>] |>
<SwitchTrace  swid=2 qdepth=0 qtdelta=27 |>, <SwitchTrace  swid=1 qdepth=0 qtdelta=31 |>] |>
<SwitchTrace  swid=2 qdepth=0 qtdelta=29 |>, <SwitchTrace  swid=1 qdepth=0 qtdelta=33 |>] |>
<SwitchTrace  swid=2 qdepth=0 qtdelta=27 |>, <SwitchTrace  swid=1 qdepth=0 qtdelta=33 |>] |>
<SwitchTrace  swid=2 qdepth=0 qtdelta=32 |>, <SwitchTrace  swid=1 qdepth=0 qtdelta=49 |>] |>
<SwitchTrace  swid=2 qdepth=0 qtdelta=33 |>, <SwitchTrace  swid=1 qdepth=0 qtdelta=29 |>] |>
<SwitchTrace  swid=2 qdepth=0 qtdelta=26 |>, <SwitchTrace  swid=1 qdepth=0 qtdelta=30 |>] |>
