{
  "target": "bmv2",
  "p4info": "build/basic.p4.p4info.txt",
  "bmv2_json": "build/basic.json",
  "table_entries": [
    {
      "table": "MyEgress.swtrace",
      "default_action": true,
      "action_name": "MyEgress.add_swtrace",
      "action_params": {
        "swid": 2
       }
    },
    {
      "table": "MyIngress.ipv4_lpm",
      "match": {
        "hdr.ipv4.dstAddr": ["10.0.1.1", 32]
      },
      "action_name": "MyIngress.ipv4_forward",
      "action_params": {
        "dstAddr": "08:00:00:00:03:00",
        "port": 4
      }
    },
    {
      "table": "MyIngress.ipv4_lpm",
      "match": {
        "hdr.ipv4.dstAddr": ["10.0.2.2", 32]
      },
      "action_name": "MyIngress.ipv4_forward",
      "action_params": {
        "dstAddr": "08:00:00:00:04:00",
        "port": 3
      }
    },
    {
      "table": "MyIngress.ipv4_lpm",
      "match": {
        "hdr.ipv4.dstAddr": ["10.0.3.3", 32]
      },
      "action_name": "MyIngress.ipv4_forward",
      "action_params": {
        "dstAddr": "08:00:00:00:03:33",
        "port": 1
      }
    },
    {
      "table": "MyIngress.ipv4_lpm",
      "match": {
        "hdr.ipv4.dstAddr": ["10.0.4.4", 32]
      },
      "action_name": "MyIngress.ipv4_forward",
      "action_params": {
        "dstAddr": "08:00:00:00:04:44",
        "port": 2
      }
    }
  ]
}
